first_name,last_name,job_title,department,email,address,phone_number,salary,password
Erika,Casey,Immunologist,Retail manager,vegaedwin@example.net,33208 Justin Alley Nicolemouth NE 36590,001-963-594-2978x791,17854,gpxLzn0P
Robert,Lynn,Psychologist educational,Operational researcher,robert79@example.net,08488 Katrina Valleys Brownfurt FL 16964,001-385-610-3327,50148,cUTvpGNh
Amanda,Jenkins,Materials engineer,Scientist forensic,nicolecollins@example.com,23131 Thomas Mount Suite 574 Port Tammy FM 19440,(929)506-8721,69799,xUIU8W3X
Timothy,Carrillo,Scientist product/process development,Press photographer,justin13@example.com,USNS Morales FPO AP 80987,+1-972-829-8801,15567,IIttErmR
Sheena,Castillo,Production assistant television,Psychologist sport and exercise,amy64@example.net,2015 Hardy Throughway Apt. 046 North Becky GU 73422,3266711572,49892,vRCIQpDC
Travis,Tucker,Energy manager,Hospital doctor,john20@example.org,011 Brown Vista Apt. 317 East Zacharyside TN 38298,399-313-9556,58373,eOkrYKGd
Alexander,Peterson,Electronics engineer,Administrator Civil Service,ronnie99@example.com,95347 Ward Square South Nicole WA 55864,2112597289,34584,XQKnIR13
Haley,Larson,Social worker,Best boy,jbarry@example.com,16097 Powell Plaza Apt. 697 Paigetown ND 94240,001-978-495-9526x289,88389,9648pr12
Adam,Allen,Engineer electronics,Passenger transport manager,rodriguezjulia@example.net,95578 Hoffman Corner Gwendolynview KS 68747,001-455-327-7651,73313,0nuyU0SU
Rebecca,Montoya,Water quality scientist,Site engineer,joshuaponce@example.org,PSC 4729 Box 9046 APO AE 87236,968.351.3226,52737,05oKrgED
Richard,Gutierrez,Accountant chartered public finance,Lexicographer,amanda00@example.net,328 Shannon Plaza Apt. 486 Ericstad ID 95940,+1-801-428-5560x1033,36654,54klqwjt
Andrew,Phillips,Scientist product/process development,Museum/gallery exhibitions officer,peterskyle@example.net,5019 Brown Village Suite 985 Villashire AS 54831,(784)869-5327,92806,ERqI6geh
Ronald,King,Chartered legal executive (England and Wales),Printmaker,angela01@example.org,61704 Cynthia Radial North Paulville KY 19748,+1-319-303-5846x8481,26646,a6TyEXRP
Roger,Buckley,Science writer,Neurosurgeon,qcurry@example.com,2660 Victoria Dale Port Rhondaton WA 46429,418.407.7089x601,73439,FnQVVANc
John,Miles,Naval architect,Naval architect,turnererica@example.org,3541 Joseph Ferry Apt. 605 Johnsonport ME 76823,392-987-2402,28522,2bLfAoem
Joshua,Castillo,Equality and diversity officer,Town planner,ndiaz@example.org,99271 Nelson Coves Apt. 812 Christophershire DE 40515,272-530-2405x29805,68077,Dbm5XgcS
Brandon,Hawkins,Public affairs consultant,Records manager,heather89@example.com,1379 Hughes Plains North Veronica ME 63976,001-418-787-7596x9301,34556,GcMQbqkF
Dominique,Roy,Oceanographer,Field trials officer,laura09@example.com,6007 Nicholas Hollow Apt. 823 Amberland IN 15237,741-939-2069x36867,43244,aNamcV18
Meredith,Anderson,Civil engineer contracting,Designer blown glass/stained glass,btaylor@example.net,20125 Hansen Glens North Michael NV 92135,397.757.0440,50414,gY8sZPUt
Michael,Keith,Scientist research (medical),Rural practice surveyor,ggray@example.com,8688 Gonzales Alley Suite 500 Masonstad MO 22338,451.737.1562,90518,3FcegFr5
Karina,Horton,Therapist art,Financial adviser,richardpierce@example.net,94031 William Courts East Lisa AR 94856,+1-568-730-7815x072,22384,CUjtPaEv
Kelly,Jenkins,Sport and exercise psychologist,Transport planner,beverly22@example.net,4548 Sarah Parkways North Kimberly NM 87105,4424924643,95867,AQatK2Lh
Howard,Jackson,Psychologist sport and exercise,Conservation officer nature,mccarthybarry@example.com,8719 Young Path Apt. 568 West Heatherbury MS 75190,(913)471-2546,77345,Ak78Dc24
Theresa,Anderson,Holiday representative,Economist,ryanwright@example.com,070 Kidd Cove North Roberthaven AR 77368,366.389.0989x32830,26197,8GbtxSqc
Ricky,Hoover,Chief Marketing Officer,Human resources officer,timothy84@example.net,3843 Zuniga Vista New Jesse CO 56406,(913)588-5451x9074,74295,hklTBwu5
Lisa,Chandler,Equities trader,Glass blower/designer,nelsonbrooke@example.org,955 Hall Neck Suite 774 Matthewsberg AL 57400,572-341-9035,47288,f2VSA1qa
Johnny,Guzman,Maintenance engineer,Systems developer,dporter@example.org,24306 Lindsay Locks Suite 748 Coxberg LA 45296,390.736.8607,52120,iIyeXIct
Dwayne,Wilson,Theme park manager,Surveyor insurance,washingtoncheryl@example.org,6356 Bradley Vista Lake Joel MA 89160,001-934-765-5216x55686,751,x998H9LU
Nicole,Martinez,Historic buildings inspector/conservation officer,Psychotherapist,whernandez@example.org,628 Shelton Forks Newmanchester NV 00754,(664)527-1664x42707,7049,N8EIea88
Miguel,Wright,Teacher music,Ceramics designer,cjohns@example.org,97504 Franco Mission Suite 583 Conwayport UT 65787,(516)609-7296x42041,98332,CAxtlJRB
Christina,Hendricks,Commercial/residential surveyor,Research officer government,lori61@example.com,914 Kim Neck Apt. 026 East Michael VI 54911,+1-681-780-6794x4449,62356,D9uMrhMV
Jessica,Burton,Financial planner,Medical technical officer,antonioray@example.org,387 Morris Row Suite 103 Campbellport AR 97166,360.856.4730x2251,5004,eDqKGDLG
Latoya,White,Designer graphic,Marine scientist,thomasmelissa@example.com,0971 Gregory Port Suite 223 West Shane MP 08164,9078546336,47258,Q8aw4PnH
Maria,Gonzalez,Personal assistant,Architectural technologist,cyoung@example.org,161 Reyes Camp Suite 844 Alvaradomouth CT 89472,686-598-3776x09257,40186,L8Q3Gy2s
Paula,Tyler,Theatre stage manager,Surveyor rural practice,masseydana@example.org,USNV Miller FPO AA 05835,+1-706-207-4356,89376,t8sXk5pY
Nicholas,Boyle,Metallurgist,Plant breeder/geneticist,kmckinney@example.com,37149 Ronald Union Suite 573 Lake Douglasbury WI 13104,+1-256-643-7217x20661,27275,2TLwx1ki
Dustin,Brooks,Fine artist,Music therapist,rsmith@example.net,7464 Scott Turnpike Apt. 930 Jillianmouth NM 12296,001-313-558-4658x21140,86396,aU2qiqT5
Ian,Montoya,Chiropodist,Editor magazine features,colealan@example.com,123 Davis Garden Suite 461 Sullivanhaven MN 70320,+1-307-864-9666x606,28207,8PTA2trA
Carol,Coleman,Secretary company,Health service manager,uwang@example.org,57681 Robertson Street Suite 513 Port Ethanmouth TX 53927,575-511-0610x746,2562,Om7ZXBqJ
Gregory,Martinez,Dentist,Systems analyst,amy78@example.org,3362 Alison Springs Kaylachester PA 10061,+1-558-432-8892x8376,63843,tNAkAPtN
Stephanie,Thomas,Psychologist clinical,Magazine journalist,tyler07@example.com,011 Victor Extension Suite 239 Bakerfort PR 69761,575-669-7024,52410,kuC417eA
Angela,Holloway,Therapist sports,Geneticist molecular,sandersdavid@example.com,268 Jennifer Roads Collierside IN 15849,8317589965,79919,vcxKXpw3
Taylor,Jones,Engineer agricultural,Pathologist,spencerjohn@example.net,PSC 4305 Box 1921 APO AE 36697,887.459.5647x660,21216,66jXf2bH
Erin,Ruiz,Administrator local government,Chartered management accountant,denisejohnson@example.org,260 Beth Path Suite 628 Luisburgh HI 64243,889.438.9679x43565,82063,wiS7sYBM
Lisa,Hammond,Management consultant,Engineer mining,gardnercharlene@example.com,280 Jensen Burg Apt. 338 Elizabethshire PA 05091,720.405.2203,16877,QgdfLCNN
Meghan,Collins,Maintenance engineer,Adult guidance worker,robinsonanthony@example.org,77199 Nelson Village Suite 828 Lindsaymouth CA 12455,659-963-7986x25433,90225,csw1n0JQ
Hannah,Clark,Engineer agricultural,Prison officer,veronicasanchez@example.net,03335 Rogers Brooks Lake Dawn OR 96202,+1-604-791-5811,8881,7kHbMyNp
Daniel,Garcia,Art gallery manager,Conservator furniture,hollygordon@example.com,78876 Robinson Station Fullermouth MN 63044,3905977597,61175,My2sJA9M
Robert,Mccarty,Brewing technologist,Occupational hygienist,frederickmueller@example.org,8129 Owens Brooks Thompsonmouth MH 76642,5425422407,64717,ji3Quryl
Thomas,Morris,Engineer energy,Visual merchandiser,jackiesanders@example.org,4706 Robert Landing Apt. 221 Farrellshire MA 70387,639.705.8670x49548,16890,ItnkjmWo
Tony,Richard,Telecommunications researcher,Land/geomatics surveyor,kimberly65@example.com,2730 Wolf Cape Apt. 939 Brownborough TN 93301,001-765-670-6314,53754,ZOaAywVX
Anne,Holmes,Dietitian,Hydrographic surveyor,cory25@example.org,55269 Morales Loaf Apt. 913 North Leah MN 22418,+1-427-922-9242,70723,25tY1mrW
Rebecca,Collins,Pharmacist hospital,Counselling psychologist,joshua29@example.org,904 Charles Wall Apt. 722 Lake Lorettaberg GA 08965,370-355-8893,91520,fRU3mytt
Ruben,Smith,Production assistant television,Engineer broadcasting (operations),proman@example.com,20660 Fischer Walk Apt. 228 South Johnshire CT 49937,001-336-795-9892x53919,15964,TRtPTNuH
Mary,Kaiser,Geographical information systems officer,Financial risk analyst,peterseric@example.com,796 Stephenson Flats East Hunterland ND 82660,379.717.4131,9806,3hJAmUkB
Russell,Thompson,Biomedical scientist,Designer industrial/product,smithtraci@example.net,7158 Clark Forges South Pamelabury AR 14607,523.437.7012,70523,DXi6p1Os
Christopher,Howard,Technical sales engineer,Editor commissioning,marilynsmith@example.com,421 Joshua Shoals Elizabethhaven ME 33477,(307)291-6433x704,88553,OHlm50ks
Laura,Rosario,Midwife,Information officer,michaela54@example.net,231 Huffman Junctions Suite 956 Matthewstad MI 52418,7322939513,67090,mO1xx0jN
Jacob,Miller,Editor film/video,Scientist physiological,isutton@example.net,PSC 0259 Box 2672 APO AA 05138,863-647-3944x23590,87475,hoSIlI4e
Chelsea,Johnson,Airline pilot,Architect,coreyjackson@example.org,60019 Brown Mission Suite 465 North Elizabeth SC 48018,575.289.7609,6392,dMtuMbdS
Connie,Anderson,Scientist research (medical),Armed forces technical officer,sherylkennedy@example.org,01064 Deborah Mount Apt. 635 Robertstad OK 40994,001-813-298-7159x93148,433,OmdXl8UP
Charles,Johnson,Records manager,Scientist research (medical),julian21@example.org,7469 Theresa Islands Lake Patrickhaven PW 70168,7622463941,7753,vRX15hp1
Eric,Griffin,Engineer maintenance,Structural engineer,lopezjulia@example.org,73662 Matthew Knolls Suite 757 Kevinport LA 89216,(627)620-2433x6411,55971,HkCfWed7
James,Flores,Engineer automotive,Engineer agricultural,oeverett@example.org,067 Beth Port East Laurafort ID 23775,6248480100,32944,2BSdw85J
Stacy,Burns,Runner broadcasting/film/video,Records manager,johndavis@example.com,590 Cathy Land Suite 084 South Caitlinstad MA 74621,802-252-7422x3429,97764,WBjTmHPc
Amy,Daugherty,Engineer water,English as a foreign language teacher,katrina27@example.net,2695 Olivia Way Apt. 983 East Mercedesborough DC 86725,685-858-3316x3644,10718,FN82hmuo
Ellen,Green,Engineering geologist,Engineer chemical,yprice@example.org,Unit 6338 Box 8164 DPO AE 33517,418-969-1885x73084,54899,QKvPmOI5
Jeff,Nelson,Social researcher,Equities trader,scottcantu@example.com,7621 Hill Court Apt. 155 Michaelside UT 09996,(230)389-4269,28921,cvt5TMt8
Robert,Williams,Theatre director,Civil engineer consulting,alejandrostokes@example.org,9131 Nunez Hollow East Tanyaton MI 31710,001-380-538-5127x1232,29861,MkdHoGiX
Shannon,Bailey,Teacher English as a foreign language,Legal executive,thomassimpson@example.org,322 Nunez Rest Suite 962 North Kenneth MO 48270,926.840.7350,52333,JYuh89aD
Diane,Williams,Social worker,Paramedic,llynch@example.net,32755 Christensen Trail Suite 341 Hillland LA 76472,973-452-9615x4095,3059,OgLbws5f
Jeanne,Smith,Comptroller,Engineer manufacturing systems,joseph88@example.net,57296 Williams Pike Apt. 449 South Ann VT 41963,001-847-823-5054x9998,10494,jqgrJXi2
Megan,Kelly,Insurance claims handler,Charity officer,samuelgardner@example.com,6237 Odom Meadows Troyberg DC 32500,489.587.3585,60471,pP9sojwz
Jeffrey,Smith,Physiotherapist,Product designer,sarah61@example.net,84436 Beard Terrace Cherryfurt GU 29467,801-875-4791,54522,StzW8sGD
Courtney,Munoz,Scientist biomedical,Scientist clinical (histocompatibility and immunogenetics),meredithrodriguez@example.org,6407 Richard Neck Apt. 689 Jessicastad WI 93212,+1-540-203-3408x053,15014,Eavxmqxs
David,James,Surveyor mining,Publishing copy,robinnguyen@example.org,4225 Erik Station West Shawnbury VT 74683,702.481.9142,58416,lsyitPQW
Stacy,Roberts,Sub,Glass blower/designer,wallssharon@example.org,19386 Rich Plaza Apt. 836 East John AL 36843,830.499.1330x45050,49756,mF8e0yb3
Kimberly,Thomas,Chiropractor,Human resources officer,mwalker@example.net,50823 Anna Road North Justin WV 10168,343-321-8636x258,68034,pg9wBFx8
Yvonne,Perez,Computer games developer,Drilling engineer,sarahmyers@example.net,26538 Graham Mills Suite 279 New Ryanshire FL 70718,(775)211-0171x8270,6210,S0S8PNHf
Thomas,Brown,Print production planner,Chartered loss adjuster,matthewsjeffrey@example.com,522 Bates Turnpike Suite 503 South Michaelville UT 23167,991.957.8048,5735,Tvk5J1rO
Angela,Griffin,Community development worker,Aeronautical engineer,tiffanymiller@example.com,9145 Jacob Mount Williamsborough VT 36606,7745055575,28039,nwV4AhSB
Denise,Robinson,Consulting civil engineer,Hotel manager,patrick91@example.com,Unit 5986 Box 5909 DPO AP 98386,998.201.2161x54175,50604,q6djkJbI
Paige,Duffy,IT technical support officer,Contractor,tmiller@example.net,6605 Day Skyway Suite 316 Garretttown MS 04233,929-245-6432x092,45789,7xjh92nd
Kayla,Rodriguez,Copy,Civil Service administrator,qsimmons@example.com,19993 Anderson Pike Richardsfort NV 44380,990-891-7290x68431,62233,TWOAV1t6
Anna,Rodriguez,Occupational psychologist,Editorial assistant,daniel65@example.com,812 Cheryl Spur Suite 109 Vincentchester ME 70697,503-521-7536x21884,13384,jTWX6LLE
Matthew,Kim,Ranger/warden,Higher education careers adviser,medinasheila@example.com,735 Lozano Lock Knightland OK 86011,818-836-0149x680,9163,fYLO3niN
Patricia,Conner,Sub,Ceramics designer,fparker@example.com,3764 Cruz Passage Kellyville TX 94534,894-308-9583x759,59261,qworNBQH
Michael,Owens,Clothing/textile technologist,Biochemist clinical,youngchristine@example.org,68165 Jessica Brook Suite 543 South Lindsayport WY 32075,(374)922-3536,70921,fnr5FcEb
Paul,Barton,Clinical research associate,Careers information officer,garciaalan@example.com,47904 Kathleen Field West Megan OR 55597,446-421-5422,74895,eZkrEXjB
Dakota,Robinson,Youth worker,Leisure centre manager,bcook@example.com,297 Theresa Trail Bowmanville CA 12720,384.740.4095x66434,89673,3Pt9Ss0U
Dorothy,Long,Doctor hospital,Environmental consultant,melissasimmons@example.net,1776 Evans Coves Suite 127 Lake Michelle MS 12423,001-328-729-8832,5097,lsyQ8bhZ
Eric,Haney,Police officer,Horticulturist commercial,alexander92@example.com,81956 Day Radial Apt. 625 Port Kellyview AK 91609,001-945-436-3865x07130,68636,bc6G36e8
Melanie,Montes,Advice worker,Accountant chartered certified,william42@example.org,3249 Caleb Station East Kimberlyshire MN 01138,(233)855-7135x247,56504,hqIzmWi2
Jay,Palmer,Heritage manager,Chartered management accountant,bryan80@example.com,20678 Warren Vista Apt. 641 New Nathanshire MT 61086,001-973-478-9604x59353,85379,iDUEEClQ
Brandon,Washington,Physicist medical,Pharmacist hospital,erogers@example.com,73704 Schmidt Tunnel Apt. 930 Kathrynborough RI 80510,907.432.4626x339,47238,mO6bs7Qb
Julia,Smith,Intelligence analyst,Police officer,holmescindy@example.com,1826 Joseph Forge North Joseph RI 34751,406-588-6227x591,22574,rKeORJWC
Lori,Horton,Psychiatric nurse,Programme researcher broadcasting/film/video,alexis91@example.org,2432 Bailey Lights Suite 882 Richardsonfort LA 88617,(551)990-0471,34761,AK8m3AHF
Bianca,Harris,Chief Operating Officer,Radio producer,reillymichael@example.com,81397 Taylor Mountain Apt. 868 Connermouth MI 93364,788-579-8301x6210,84356,L7YDfEoK
Jennifer,Fowler,Geophysicist/field seismologist,Editor film/video,smithheather@example.net,555 King Square Suite 072 Colinbury DE 78005,917.965.1811x401,89446,StClh4LV
Jennifer,Anderson,Education administrator,Claims inspector/assessor,olsonpaula@example.net,37327 Molly Grove New Jonathanfort IN 78754,480-542-7502x05196,53426,IBJRLHl0
